response set access code,question.text,question.short_text,question.help_text,question.pick,question.reference_identifier,question.data_export_identifier,question.common_namespace,question.common_identifier,question.display_order,question.display_type,question.is_mandatory,question.display_width,question.custom_class,question.custom_renderer,answer.text,answer.short_text,answer.help_text,answer.weight,answer.response_class,answer.reference_identifier,answer.data_export_identifier,answer.common_namespace,answer.common_identifier,answer.display_order,answer.is_exclusive,answer.display_length,answer.custom_class,answer.custom_renderer,answer.default_value,answer.display_type,response.datetime_value,response.integer_value,response.float_value,response.unit,response.text_value,response.string_value,response.response_other,response.response_group,response.created_at,response.updated_at
n0F30VT7Qp,What is your favorite color?,What is your favorite color?,,one,1,what_your_favorite_color,,,1,default,true,,,,yellow,yellow,,,answer,,yellow,,,3,false,,,,,default,,,,,,,,,2013-12-13 21:03:05 UTC,2013-12-13 21:03:11 UTC
n0F30VT7Qp,Choose the colors you don't like,Choose the colors you don't like,,any,2,choose_colors_you_dont_like,,,2,default,true,,,,red,red,,,answer,1,red,,,0,false,,,,,default,,,,,,,,,2013-12-13 21:03:27 UTC,2013-12-13 21:03:27 UTC
n0F30VT7Qp,Choose the colors you don't like,Choose the colors you don't like,,any,2,choose_colors_you_dont_like,,,2,default,true,,,,blue,blue,,,answer,2,blue,,,1,false,,,,,default,,,,,,,,,2013-12-13 21:03:27 UTC,2013-12-13 21:03:27 UTC
n0F30VT7Qp,"What... is your name? (e.g. It is 'Arthur', King of the Britons)","What... is your name? (e.g. It is 'Arthur', King of the Britons)",,none,montypython3,what_your_name,,,5,default,true,,,,String,String,,,string,1,string,,,0,false,,,,,hidden_label,,,,,,tom,,,2013-12-13 21:03:31 UTC,2013-12-13 21:03:31 UTC
n0F30VT7Qp,Get me started on an improv sketch,Get me started on an improv sketch,,none,improv_start,i_s,sketch comedy questions,get me started,9,default,true,,,,who,who,,,string,,who,,,0,false,,,,,default,,,,,,waa,,,2013-12-13 21:03:41 UTC,2013-12-13 21:03:41 UTC
n0F30VT7Qp,Get me started on an improv sketch,Get me started on an improv sketch,,none,improv_start,i_s,sketch comedy questions,get me started,9,default,true,,,,what,what,,,string,,what,,,1,false,,,,,default,,,,,,what,,,2013-12-13 21:03:43 UTC,2013-12-13 21:03:43 UTC
n0F30VT7Qp,Get me started on an improv sketch,Get me started on an improv sketch,,none,improv_start,i_s,sketch comedy questions,get me started,9,default,true,,,,where,where,,,string,,where,,,2,false,,,,,default,,,,,,there,,,2013-12-13 21:03:46 UTC,2013-12-13 21:03:46 UTC
n0F30VT7Qp,How many pets do you own?,How many pets do you own?,,none,,many_pets_do_you_own,,,10,default,true,,,,Integer,Integer,,,integer,,integer,,,0,false,,,,,hidden_label,,12312,,,,,,,2013-12-13 21:03:48 UTC,2013-12-13 21:03:48 UTC
n0F30VT7Qp,What is your address?,What is your address?,,none,,what_your_address,,,11,default,true,,address,,Text,Text,,,text,,text,,,0,false,,mapper,,,hidden_label,,,,,lalaland,,,,2013-12-13 21:03:51 UTC,2013-12-13 21:03:51 UTC
n0F30VT7Qp,Pick your favorite date AND time,Pick your favorite date AND time,,none,,your_favorite_date_and_time,,,12,default,true,,,,Datetime,Datetime,,,datetime,,datetime,,,0,false,,,,,hidden_label,2013-12-20 10:36:00 UTC,,,,,,,,2013-12-13 21:03:58 UTC,2013-12-13 21:04:10 UTC
n0F30VT7Qp,Pick your favorite date AND time,Pick your favorite date AND time,,none,,your_favorite_date_and_time,,,12,default,true,,,,Datetime,Datetime,,,datetime,,datetime,,,0,false,,,,,hidden_label,2013-12-13 02:00:00 UTC,,,,,,,,2013-12-13 21:03:58 UTC,2013-12-13 21:03:58 UTC
n0F30VT7Qp,Pick your favorite date AND time,Pick your favorite date AND time,,none,,your_favorite_date_and_time,,,12,default,true,,,,Datetime,Datetime,,,datetime,,datetime,,,0,false,,,,,hidden_label,2013-12-13 03:00:00 UTC,,,,,,,,2013-12-13 21:03:58 UTC,2013-12-13 21:03:58 UTC
n0F30VT7Qp,Pick your favorite date AND time,Pick your favorite date AND time,,none,,your_favorite_date_and_time,,,12,default,true,,,,Datetime,Datetime,,,datetime,,datetime,,,0,false,,,,,hidden_label,2013-12-13 04:00:00 UTC,,,,,,,,2013-12-13 21:03:58 UTC,2013-12-13 21:03:58 UTC
n0F30VT7Qp,Pick your favorite date AND time,Pick your favorite date AND time,,none,,your_favorite_date_and_time,,,12,default,true,,,,Datetime,Datetime,,,datetime,,datetime,,,0,false,,,,,hidden_label,2013-12-13 05:00:00 UTC,,,,,,,,2013-12-13 21:03:58 UTC,2013-12-13 21:03:58 UTC
n0F30VT7Qp,What time do you usually take a lunch break?,What time do you usually take a lunch break?,,none,time_lunch,you_usually_take_lunch_break,,,13,default,true,,,,Time,Time,,,time,1,time,,,0,false,,,,,hidden_label,2013-12-13 08:00:00 UTC,,,,,,,,2013-12-13 21:04:14 UTC,2013-12-13 21:04:15 UTC
n0F30VT7Qp,What time do you usually take a lunch break?,What time do you usually take a lunch break?,,none,time_lunch,you_usually_take_lunch_break,,,13,default,true,,,,Time,Time,,,time,1,time,,,0,false,,,,,hidden_label,2013-12-13 02:00:00 UTC,,,,,,,,2013-12-13 21:04:14 UTC,2013-12-13 21:04:14 UTC
n0F30VT7Qp,What time do you usually take a lunch break?,What time do you usually take a lunch break?,,none,time_lunch,you_usually_take_lunch_break,,,13,default,true,,,,Time,Time,,,time,1,time,,,0,false,,,,,hidden_label,2013-12-13 03:00:00 UTC,,,,,,,,2013-12-13 21:04:14 UTC,2013-12-13 21:04:14 UTC
n0F30VT7Qp,What time do you usually take a lunch break?,What time do you usually take a lunch break?,,none,time_lunch,you_usually_take_lunch_break,,,13,default,true,,,,Time,Time,,,time,1,time,,,0,false,,,,,hidden_label,2013-12-13 04:00:00 UTC,,,,,,,,2013-12-13 21:04:14 UTC,2013-12-13 21:04:14 UTC
n0F30VT7Qp,What time do you usually take a lunch break?,What time do you usually take a lunch break?,,none,time_lunch,you_usually_take_lunch_break,,,13,default,true,,,,Time,Time,,,time,1,time,,,0,false,,,,,hidden_label,2013-12-13 06:00:00 UTC,,,,,,,,2013-12-13 21:04:14 UTC,2013-12-13 21:04:14 UTC
n0F30VT7Qp,What time do you usually take a lunch break?,What time do you usually take a lunch break?,,none,time_lunch,you_usually_take_lunch_break,,,13,default,true,,,,Time,Time,,,time,1,time,,,0,false,,,,,hidden_label,2013-12-13 07:00:00 UTC,,,,,,,,2013-12-13 21:04:14 UTC,2013-12-13 21:04:14 UTC
n0F30VT7Qp,Adjust the slider to reflect your level of awesomeness,Adjust the slider to reflect your level of awesomeness,,one,,slider_reflect_your_level_awesomeness,,,15,slider,true,,,,5,5,,,answer,,5,,,4,false,,,,,default,,,,,,,,,2013-12-13 21:04:19 UTC,2013-12-13 21:04:19 UTC
n0F30VT7Qp,When would you like to meet for dinner?,When would you like to meet for dinner?,,none,,you_like_meet_for_dinner,,,14,default,true,,,,Date,Date,,,date,,date,,,0,false,,,,,hidden_label,2013-12-27 00:00:00 UTC,,,,,,,,2013-12-13 21:04:21 UTC,2013-12-13 21:04:21 UTC
n0F30VT7Qp,How much do you like Ruby?,How much do you like Ruby?,,one,,much_do_you_like_ruby,,,16,slider,true,,,,a ton,a ton,,,answer,,ton,,,4,false,,,,,default,,,,,,,,,2013-12-13 21:04:24 UTC,2013-12-13 21:04:24 UTC
n0F30VT7Qp,How much money do you want?,How much money do you want?,,none,,much_money_do_you_want,,,17,default,true,,,,$|USD,$|USD,,,float,,usd,,,0,false,,,,,default,,,111110000001.0,,,,,,2013-12-13 21:04:29 UTC,2013-12-13 21:04:29 UTC
n0F30VT7Qp,Quantity,Quantity,,none,,quantity,,,18,default,true,,,,Float,Float,,,float,,float,,,0,false,,,,,hidden_label,,,1.0,,,,,,2013-12-13 21:04:33 UTC,2013-12-13 21:04:33 UTC
n0F30VT7Qp,Unit,Unit,,one,,unit,,,19,dropdown,true,,,,Barrels,Barrels,,,answer,,barrels,,,0,false,,,,,default,,,,,,,,,2013-12-13 21:04:37 UTC,2013-12-13 21:04:37 UTC
n0F30VT7Qp,Choose your Illinois county,Choose your Illinois county,,one,,choose_your_illinois_county,,,20,dropdown,true,,,,Rock Island,Rock Island,,,answer,,rock_island,,,80,false,,,,,default,,,,,,,,,2013-12-13 21:04:44 UTC,2013-12-13 21:04:44 UTC
n0F30VT7Qp,Choose your favorite meats,Choose your favorite meats,,any,,choose_your_favorite_meats,,,21,inline,true,,,,I don't eat meats!!!,I don't eat meats!!!,,,answer,,i_dont_eat_meats,,,5,true,,,,,default,,,,,,,,,2013-12-13 21:04:50 UTC,2013-12-13 21:04:50 UTC
n0F30VT7Qp,All out of ideas for questions?,All out of ideas for questions?,,one,,all_out_ideas_for_questions,,,22,inline,true,,,,no,no,,,answer,,no,,,2,false,,,,,default,,,,,,,,,2013-12-13 21:04:56 UTC,2013-12-13 21:05:19 UTC
n0F30VT7Qp,Please explain why you don't like this color?,Please explain why you don't like this color?,,none,2a,you_dont_like_this_color,,,3,default,true,,,,explanation,explanation,Please give an explanation for each color you don't like,,text,1,explanation,,,0,false,,,,,default,,,,,ulalalal,,,,2013-12-13 21:05:11 UTC,2013-12-13 21:05:11 UTC
n0F30VT7Qp,Head,Head,,one,,head,,,0,default,true,,,,1,1,,,answer,,1,,,1,false,,,,,default,,,,,,,,,2013-12-13 21:06:36 UTC,2013-12-13 21:06:36 UTC
n0F30VT7Qp,Knees,Knees,,one,,knees,,,1,default,true,,,,2,2,,,answer,,2,,,1,false,,,,,default,,,,,,,,,2013-12-13 21:06:37 UTC,2013-12-13 21:06:37 UTC
n0F30VT7Qp,Toes,Toes,,one,,toes,,,2,default,true,,,,3,3,,,answer,,3,,,1,false,,,,,default,,,,,,,,,2013-12-13 21:06:37 UTC,2013-12-13 21:06:37 UTC
n0F30VT7Qp,down|up,down|up,,one,,down_up,,,3,default,true,,,,-2,-2,,,answer,,2,,,1,false,,,,,default,,,,,,,,,2013-12-13 21:06:43 UTC,2013-12-13 21:06:43 UTC
n0F30VT7Qp,sad|happy,sad|happy,,one,,sad_happy,,,4,default,true,,,,-2,-2,,,answer,,2,,,1,false,,,,,default,,,,,,,,,2013-12-13 21:06:44 UTC,2013-12-13 21:06:44 UTC
n0F30VT7Qp,limp|perky,limp|perky,,one,,limp_perky,,,5,default,true,,,,2,2,,,answer,,2,,,1,false,,,,,default,,,,,,,,,2013-12-13 21:06:46 UTC,2013-12-13 21:06:46 UTC
n0F30VT7Qp,SUV,SUV,,any,,suv,,,6,default,true,,,,Leather seats,Leather seats,,,answer,,leather_seats,,,1,false,,,,,default,,,,,,,,,2013-12-13 21:06:46 UTC,2013-12-13 21:06:46 UTC
n0F30VT7Qp,Sedan,Sedan,,any,,sedan,,,7,default,true,,,,Leather seats,Leather seats,,,answer,,leather_seats,,,1,false,,,,,default,,,,,,,,,2013-12-13 21:06:47 UTC,2013-12-13 21:06:47 UTC
n0F30VT7Qp,Coupe,Coupe,,any,,coupe,,,8,default,true,,,,Leather seats,Leather seats,,,answer,,leather_seats,,,1,false,,,,,default,,,,,,,,,2013-12-13 21:06:47 UTC,2013-12-13 21:06:47 UTC
n0F30VT7Qp,Coupe,Coupe,,any,,coupe,,,8,default,true,,,,Shiny rims,Shiny rims,,,answer,,shiny_rims,,,1,false,,,,,default,,,,,,,,,2013-12-13 21:06:48 UTC,2013-12-13 21:06:48 UTC
n0F30VT7Qp,Coupe,Coupe,,any,,coupe,,,8,default,true,,,,Subwoofer,Subwoofer,,,answer,,subwoofer,,,1,false,,,,,default,,,,,,,,,2013-12-13 21:06:49 UTC,2013-12-13 21:06:49 UTC
n0F30VT7Qp,Coupe,Coupe,,any,,coupe,,,8,default,true,,,,Sunroof,Sunroof,,,answer,,sunroof,,,1,false,,,,,default,,,,,,,,,2013-12-13 21:06:50 UTC,2013-12-13 21:06:50 UTC
n0F30VT7Qp,Convertible,Convertible,,any,,convertible,,,9,default,true,,,,Sunroof,Sunroof,,,answer,,sunroof,,,1,false,,,,,default,,,,,,,,,2013-12-13 21:06:51 UTC,2013-12-13 21:06:51 UTC
n0F30VT7Qp,Minivan,Minivan,,any,,minivan,,,10,default,true,,,,Sunroof,Sunroof,,,answer,,sunroof,,,1,false,,,,,default,,,,,,,,,2013-12-13 21:06:52 UTC,2013-12-13 21:06:52 UTC
n0F30VT7Qp,Crossover,Crossover,,any,,crossover,,,11,default,true,,,,Sunroof,Sunroof,,,answer,,sunroof,,,1,false,,,,,default,,,,,,,,,2013-12-13 21:06:52 UTC,2013-12-13 21:06:52 UTC
n0F30VT7Qp,Wagon,Wagon,,any,,wagon,,,12,default,true,,,,Subwoofer,Subwoofer,,,answer,,subwoofer,,,1,false,,,,,default,,,,,,,,,2013-12-13 21:06:53 UTC,2013-12-13 21:06:53 UTC
n0F30VT7Qp,Please rank the following foods based on how much you like them,Please rank the following foods based on how much you like them,,none,,how_much_you_like_them,,,14,default,true,,,,|pizza,|pizza,,,integer,,pizza,,,0,false,,,,,default,,1,,,,,,,2013-12-13 21:06:56 UTC,2013-12-13 21:06:56 UTC
n0F30VT7Qp,Please rank the following foods based on how much you like them,Please rank the following foods based on how much you like them,,none,,how_much_you_like_them,,,14,default,true,,,,|salad,|salad,,,integer,,salad,,,1,false,,,,,default,,3,,,,,,,2013-12-13 21:06:57 UTC,2013-12-13 21:06:57 UTC
n0F30VT7Qp,Please rank the following foods based on how much you like them,Please rank the following foods based on how much you like them,,none,,how_much_you_like_them,,,14,default,true,,,,|sushi,|sushi,,,integer,,sushi,,,2,false,,,,,default,,4,,,,,,,2013-12-13 21:06:58 UTC,2013-12-13 21:06:58 UTC
n0F30VT7Qp,Please rank the following foods based on how much you like them,Please rank the following foods based on how much you like them,,none,,how_much_you_like_them,,,14,default,true,,,,|ice cream,|ice cream,,,integer,,ice_cream,,,3,false,,,,,default,,5,,,,,,,2013-12-13 21:06:58 UTC,2013-12-13 21:06:58 UTC
n0F30VT7Qp,Please rank the following foods based on how much you like them,Please rank the following foods based on how much you like them,,none,,how_much_you_like_them,,,14,default,true,,,,|breakfast ceral,|breakfast ceral,,,integer,,breakfast_ceral,,,4,false,,,,,default,,2,,,,,,,2013-12-13 21:06:59 UTC,2013-12-13 21:06:59 UTC
n0F30VT7Qp,"Choose your favorite utensils and enter frequency of use (daily, weekly, monthly, etc...)","Choose your favorite utensils and enter frequency of use (daily, weekly, monthly, etc...)",,any,,utensils_and_enter_frequency_use,,,15,default,true,,,,knife,knife,,,string,,knife,,,2,false,,,,,default,,,,,,daily,,,2013-12-13 21:07:08 UTC,2013-12-13 21:07:08 UTC
n0F30VT7Qp,Do you own a car?,Do you own a car?,,one,car,do_you_own_car,,,16,default,true,,,,No,No,,,answer,n,no,,,1,false,,,,,default,,,,,,,,,2013-12-13 21:07:09 UTC,2013-12-13 21:07:09 UTC
n0F30VT7Qp,Sibling,Sibling,,none,,sibling,,,20,default,true,,,,Name,Name,,,string,,name,,,0,false,,,,,default,,,,,,asdf,,0,2013-12-13 21:07:12 UTC,2013-12-13 21:07:12 UTC
n0F30VT7Qp,Sibling,Sibling,,none,,sibling,,,20,default,true,,,,Age|years,Age|years,,,integer,,age_years,,,1,false,,,,,default,,1,,,,,,0,2013-12-13 21:07:15 UTC,2013-12-13 21:07:18 UTC
n0F30VT7Qp,Sibling,Sibling,,none,,sibling,,,20,default,true,,,,Name,Name,,,string,,name,,,0,false,,,,,default,,,,,,asdf,,1,2013-12-13 21:07:25 UTC,2013-12-13 21:07:25 UTC
n0F30VT7Qp,Sibling,Sibling,,none,,sibling,,,20,default,true,,,,Age|years,Age|years,,,integer,,age_years,,,1,false,,,,,default,,1,,,,,,1,2013-12-13 21:07:28 UTC,2013-12-13 21:07:28 UTC
